{
    "$schema": "http://json-schema.org/draft-04/schema#",
    
    "title": "Credit Card",
    "description": "Credit Card Content Type",
    
    "type": "object",
    
       
    "properties": {

        "name": {
            "title": "Card Name",
            "type": "string",
            "metadata": {
                "placeholderText": "Enter the credit card name"
            }
        },

        "image": {
            "title": "Image",
            "type": "string",
            "metadata": {
                "infoText": "Provide a logo for credit card.",
                "renderingHint": "image"
            }
        },

        "provider": {
            "title": "Provider",
            "enum": ["Visa", "MasterCard", "American Express"],
            "default": "Visa",
            "metadata": {
                "infoText": "Specify card provider."
            }
        },

        "minCreditLevel": {
            "title": "Minimum Credit Level",
            "enum": ["Excellent credit", "Average Credit", "Rebuilding Credit"],
            "default": "Excellent credit",
            "metadata": {
                "infoText": "Specify minimum credit level."
            }
        },

        "sellingMotto": {
            "title": "Unique Selling Motto",
            "type": "string",
            "metadata": {
                "placeholderText": "Enter the selling motto"
            }
        },

        "apr": {
            "title": "Annual Percentage Rate (APR)",
            "type": "string",
            "metadata": {
                "placeholderText": "Enter the Annual Percentage Rate"
            }
        },

        "fees": {
            "title": "Fees",
            "type": "string",
            "metadata": {
                "placeholderText": "Enter the fees"
            }
        },

        "payingInterestTerms": {
            "title": "Paying Interest terms",
            "type": "string",
            "metadata": {
                "placeholderText": "Enter Paying Interest terms"
            }
        },

        "buyingReasons": {
            "title": "Buying reasons",
            "type": "array",
            "items": {
                "title": "Buying reason",
                "type": "string",
                "metadata": {
                    "infoText": "Specify the byuing reason either via autocomplete typing or by dragging a Buying Reason item into the field",
                    "renderingHint": "structuredContent"
                }   
            },
            "minItems": 1,
            "maxItems": 3,
            "metadata": {
                "infoText": "Specify all buying reasons"
            }
        },

        "conditions": {
            "title": "Conditions",
            "enum": ["Standard Visa conditions", "Standard MasterCard conditions", " Standard American Express conditions"],
            "default": "Standard Visa conditions",
            "metadata": {
                "infoText": "Specify conditions."
            }
        }
        
        
        
        
    },

    "required": [ "name" ]
    
    
}