<catalog>
    <contenttype>
        <name>CreditCardContentType</name>
        <properties>
            <property label="Title" name="title" manageable="true">
                <value type="string">Credit Card</value>
            </property>
            <property name="typeDefinitionName" manageable="true">
                <value type="string">CreditCard</value>
            </property>
            <property name="thumbnailUrl" manageable="true">
                <value type="string">$(itemRoot)/icon.png</value>
            </property>
            <property name="src" manageable="true">
                <value type="string">$(itemRoot)/creditcard.json</value>
            </property>
        </properties>
        <tags>
            <tag blacklist="false" manageable="true" type="regular">structuredcontent</tag>
        </tags>
    </contenttype>
</catalog>
