<catalog>
    <widget>
        <name>pf2e2-content-widget</name>
        <extendedItemName>CXPContentWidget</extendedItemName>
        <properties>
            <property label="Title" name="title" viewHint="text-input,manager">
                <value type="string">My Content Widget</value>
            </property>
            <property name="templateList" label="Templates">
                <value type="string">Media Object,$(contextRoot)/static/features/[BBHOST]/media-object-content-template/media-object-template/media-object.html</value>
            </property>
            <property name="templateUrl" label="Template" viewHint="select-one,manager">
                <value type="string">$(contextRoot)/static/features/[BBHOST]/media-object-content-template/media-object-template/media-object.html</value>
            </property>
        </properties>
        <tags>
            <tag type="section">FE Training Widgets</tag>
            <tag type="regular">training</tag>
        </tags>
    </widget>
</catalog>
