<catalog>
    <widget>
        <name>CreditCardWidget</name>
        <extendedItemName>CXPStructuredContentWidget</extendedItemName>
        <properties>
            <property label="Title" name="title">
                <value type="string">Credit Card</value>
            </property>
            <property name="thumbnailUrl">
                <value type="string">$(itemRoot)/icon.png</value>
            </property>
            <property name="contentType">
                <value type="string">Credit Card</value>
            </property>
            <property name="templateList" label="Templates">
                <value type="string">Credit Card Banner,$(itemRoot)/templates/CreditCardBanner.html,Credit Card Full Description,$(itemRoot)/templates/CreditCardFullDescription.html</value>
            </property>
            <property name="templateUrl" label="Template" viewHint="text-input,manager">
                <value type="string">$(itemRoot)/templates/CreditCardBanner.html</value>
            </property>
        </properties>

    </widget>
</catalog>
