<?xml version="1.0" encoding="UTF-8" standalone="yes"?>
<catalog totalSize="1">
    <template>
        <type>PAGE</type>
        <name>CreditUnionPageTemplate</name>
        <tags>
            <tag blacklist="false" manageable="true" type="regular">web</tag>
        </tags>
        <properties>
            <property name="DefaultDevice">
                <value type="string">Web</value>
            </property>
            <property name="title">
                <value type="string">Credit Union Page Template</value>
            </property>
            <property name="BundleName" manageable="true">
                <value type="string">$(itemRoot)</value>
            </property>
            <property name="Web">
                <value type="string">templates/credit-union-page-template-web</value>
            </property>
        </properties>
    </template>
</catalog>
