<catalog>
    <widget>
        <name>CXPStructuredContentWidget</name>
        <contextItemName>[BBHOST]</contextItemName>
        <properties>
            <property label="Title" name="title" viewHint="text-input,user">
                <value type="string">Structured Content</value>
            </property>
            <property name="TemplateName">
                <value type="string">Standard_Widget</value>
            </property>
            <property name="thumbnailUrl">
                <value type="string">$(itemRoot)/icon.png</value>
            </property>
            <property name="src">
                <value type="string">$(itemRoot)/index.html</value>
            </property>
            <property label="Widget Chrome" name="widgetChrome" manageable="false">
                <value type="string">$(contextRoot)/static/backbase.com.2012.aurora/html/chromes/widget_none.html</value>
            </property>
            <property name="area">
                <value type="string">0</value>
            </property>
            <property name="order">
                <value type="double">0.0</value>
            </property>
            <property name="Description" label="Description">
                <value type="string">Basic widget to display structured content instance</value>
            </property>
            <property name="contentRef" label="Content Path">
                <value type="contentRef"></value>
            </property>
            <property name="contentType" label="Content Type">
                <value type="string">Content</value>
            </property>
            <property name="templateList" label="Templates">
                <value type="string">Plain text,$(itemRoot)/templates/plain.html,Backbase,$(itemRoot)/templates/backbase.html,Blog entry,$(itemRoot)/templates/blog-entry.html</value>
            </property>
            <property name="templateUrl" label="Template" viewHint="select-one,manager">
                <value type="string">$(itemRoot)/templates/plain.html</value>
            </property>
        </properties>
        <tags>
            <tag>backbase</tag>
            <tag>cms</tag>
            <tag>content</tag>
            <tag>template</tag>
            <tag>universal</tag>
            <tag type="section">Content</tag>
        </tags>
    </widget>
</catalog>
